{
	"format_version": "1.8.0",
	"animations": {
		"animation.aptechka_item": {
			"animation_length": 4.875,
			"bones": {
				"otkritaya": {
					"rotation": {
						"1.5833": [0, 0, 0],
						"1.9167": [50, 0, 0]
					}
				},
				"shprits": {
					"scale": {
						"2.4167": [1, 1, 1],
						"2.5": {
							"pre": [1, 1, 1],
							"post": [0, 0, 0]
						}
					}
				}
			}
		},
		"animation.aptechka": {
			"animation_length": 4.875,
			"bones": {
				"shprits": {
					"scale": {
						"1.0417": [1, 1, 1],
						"1.0833": [0, 0, 0]
					}
				},
				"krishka2": {
					"rotation": {
						"0.5417": [0, 0, 0],
						"0.7083": [135, 0, 0],
						"3.7083": [135, 0, 0],
						"3.875": [0, 0, 0]
					}
				},
				"apteka": {
					"rotation": [31.15534, 0.00378, -13.9931],
					"position": [-1.5, -0.75, 0]
				},
				"shprits4": {
					"rotation": {
						"1.0417": [0, 0, 0],
						"1.0833": [25, 0, 0]
					},
					"position": {
						"0.0": [0, 0, 2],
						"1.0417": [0, 0, 2],
						"1.0833": [-0.125, -0.45, 1.375],
						"1.25": [-0.12, -0.45, -0.62],
						"1.625": [-0.12, -0.45, -0.62],
						"1.7083": [-0.12, -0.45, 0.38],
						"1.7917": [-0.12, -0.45, -0.62],
						"3.0833": [-0.12, -0.45, -0.62],
						"3.2917": [-0.12, -9.45, 9.38],
						"3.3333": [-6.12, -9.45, 32.38]
					},
					"scale": {
						"3.2917": [1, 1, 1],
						"3.3333": [0, 0, 0]
					}
				},
				"krishka6": {
					"position": {
						"1.6667": [0, 0, 0],
						"1.75": [0, 0, -3],
						"1.8333": [-5, 0, -3],
						"2.0417": [-5, 0, 10]
					},
					"scale": {
						"1.8333": [1, 1, 1],
						"2.0417": [0, 0, 0]
					}
				},
				"krishka": {
					"rotation": {
						"0.5417": [0, 0, 0],
						"0.7083": [122.5, 0, 0],
						"3.7083": [122.5, 0, 0],
						"3.875": [0, 0, 0]
					}
				},
				"flash": {
					"scale": 0
				},
				"flash_mg": {
					"scale": 0
				},
				"aptechka": {
					"rotation": [-143.49118, -67.36871, 151.48854],
					"position": [-2.96174, -0.25889, -0.08959]
				},
				"root": {
					"rotation": [0, 180, 0],
					"position": [0, -1, 4]
				},
				"body": {
					"rotation": {
						"0.0": {
							"post": [62.5, 0, 0],
							"lerp_mode": "catmullrom"
						},
						"0.5417": {
							"post": [-12.5, 0, 0],
							"lerp_mode": "catmullrom"
						},
						"4.4167": {
							"post": [-12.5, 0, 0],
							"lerp_mode": "catmullrom"
						},
						"4.7917": {
							"post": [62.5, 0, 0],
							"lerp_mode": "catmullrom"
						},
						"4.8333": [62.5, 0, 0]
					},
					"position": {
						"0.0": {
							"post": [0, -1, 3],
							"lerp_mode": "catmullrom"
						},
						"0.5417": {
							"post": [0, -2, 0],
							"lerp_mode": "catmullrom"
						},
						"4.4167": {
							"post": [0, -2, 0],
							"lerp_mode": "catmullrom"
						},
						"4.7917": {
							"post": [0, 0, 0],
							"lerp_mode": "catmullrom"
						},
						"4.8333": [0, 0, 0]
					}
				},
				"leftArm": {
					"rotation": {
						"0.0": [-90, 15, 0],
						"0.375": {
							"pre": [-90, 15, 0],
							"post": [-90, 15, 0],
							"lerp_mode": "catmullrom"
						},
						"0.625": {
							"post": [-91.3378, 14.94159, -5.17544],
							"lerp_mode": "catmullrom"
						},
						"3.7083": {
							"post": [-91.3378, 14.94159, -5.17544],
							"lerp_mode": "catmullrom"
						},
						"3.75": [-91.3378, 14.94159, -5.17544]
					}
				},
				"rightArm": {
					"rotation": {
						"0.0": [-90, 0, 0],
						"0.125": [-90, 0, 0],
						"0.5": {
							"pre": [-90, -25, 0],
							"post": [-90, -25, 0],
							"lerp_mode": "catmullrom"
						},
						"0.5417": {
							"post": [-90, -25, 0],
							"lerp_mode": "catmullrom"
						},
						"1.1667": {
							"post": [-103.884, -34.50316, 33.16339],
							"lerp_mode": "catmullrom"
						},
						"1.5833": {
							"post": [-101.08489, -12.22812, 26.27588],
							"lerp_mode": "catmullrom"
						},
						"1.8333": {
							"post": [-88.44698, -15.62283, 57.458],
							"lerp_mode": "catmullrom"
						},
						"2.0417": {
							"post": [-88.44698, -15.62283, 57.458],
							"lerp_mode": "catmullrom"
						},
						"2.3333": {
							"post": [-111.46872, -13.12479, 59.99865],
							"lerp_mode": "catmullrom"
						},
						"2.5417": {
							"post": [-111.46872, -13.12479, 59.99865],
							"lerp_mode": "catmullrom"
						},
						"3.0": {
							"post": [-149.44406, 5.18568, 99.72703],
							"lerp_mode": "catmullrom"
						},
						"3.9583": {
							"post": [-149.44406, 5.18568, 99.72703],
							"lerp_mode": "catmullrom"
						},
						"4.4167": {
							"post": [-90, -2.5, 0],
							"lerp_mode": "catmullrom"
						},
						"4.7917": [-90, 0, 0]
					},
					"position": {
						"0.0": [3, -11, 0],
						"0.125": [3, -11, 0],
						"0.5": {
							"pre": [1, 2.475, 0.15],
							"post": [1, 2.475, 0.15],
							"lerp_mode": "catmullrom"
						},
						"0.5417": {
							"post": [1, 2.475, 0.15],
							"lerp_mode": "catmullrom"
						},
						"1.8333": {
							"post": [1, 2.475, 0.15],
							"lerp_mode": "catmullrom"
						},
						"2.0417": {
							"post": [1, 3.58917, 2.93543],
							"lerp_mode": "catmullrom"
						},
						"2.375": {
							"post": [-1.02, 1.32943, -0.40545],
							"lerp_mode": "catmullrom"
						},
						"2.5417": {
							"post": [-1.02, 1.32943, -0.40545],
							"lerp_mode": "catmullrom"
						},
						"4.4167": {
							"post": [1, 3.12432, 3.07889],
							"lerp_mode": "catmullrom"
						},
						"4.7917": [3, -11, 0]
					}
				},
				"otkritaya": {
					"rotation": {
						"1.5833": [0, 0, 0],
						"1.9167": [50, 0, 0]
					}
				}
			},
			"sound_effects": {
				"1.3333": {
					"effect": "molniya"
				},
				"2.875": {
					"effect": "ukol"
				}
			}
		},
		"animation.aptechka_third": {
			"animation_length": 4.875,
			"bones": {
				"shprits": {
					"scale": {
						"1.0417": [1, 1, 1],
						"1.0833": [0, 0, 0]
					}
				},
				"krishka2": {
					"rotation": {
						"0.5417": [0, 0, 0],
						"0.7083": [135, 0, 0],
						"3.7083": [135, 0, 0],
						"3.875": [0, 0, 0]
					}
				},
				"apteka": {
					"rotation": [31.15534, 0.00378, -13.9931],
					"position": [-1.5, -0.75, 0]
				},
				"shprits4": {
					"rotation": {
						"1.0417": [0, 0, 0],
						"1.0833": [25, 0, 0]
					},
					"position": {
						"0.0": [0, 0, 2],
						"1.0417": [0, 0, 2],
						"1.0833": [-0.125, -0.45, 1.375],
						"1.25": [-0.12, -0.45, -0.62],
						"1.625": [-0.12, -0.45, -0.62],
						"1.7083": [-0.12, -0.45, 0.38],
						"1.7917": [-0.12, -0.45, -0.62],
						"3.0833": [-0.12, -0.45, -0.62],
						"3.2917": [-0.12, -9.45, 9.38],
						"3.3333": [-6.12, -9.45, 32.38]
					},
					"scale": {
						"3.2917": [1, 1, 1],
						"3.3333": [0, 0, 0]
					}
				},
				"krishka6": {
					"position": {
						"1.6667": [0, 0, 0],
						"1.75": [0, 0, -3],
						"1.8333": [-5, 0, -3],
						"2.0417": [-5, 0, 10]
					},
					"scale": {
						"1.8333": [1, 1, 1],
						"2.0417": [0, 0, 0]
					}
				},
				"krishka": {
					"rotation": {
						"0.5417": [0, 0, 0],
						"0.7083": [122.5, 0, 0],
						"3.7083": [122.5, 0, 0],
						"3.875": [0, 0, 0]
					}
				},
				"flash": {
					"scale": 0
				},
				"flash_mg": {
					"scale": 0
				},
				"aptechka": {
					"rotation": [-143.49118, -67.36871, 151.48854],
					"position": [-2.96174, -0.25889, -0.08959]
				},
				"leftArm": {
					"rotation": {
						"0.0": [0, 0, 0],
						"0.375": {
							"pre": [-90, 15, 0],
							"post": [-90, 15, 0],
							"lerp_mode": "catmullrom"
						},
						"0.625": {
							"post": [-91.3378, 14.94159, -5.17544],
							"lerp_mode": "catmullrom"
						},
						"3.7083": {
							"post": [-91.3378, 14.94159, -5.17544],
							"lerp_mode": "catmullrom"
						},
						"3.75": [-91.3378, 14.94159, -5.17544],
						"3.9583": {
							"pre": [-91.3378, 14.94159, -5.17544],
							"post": [-91.3378, 14.94159, -5.17544],
							"lerp_mode": "catmullrom"
						},
						"4.0": [-91.3378, 14.94159, -5.17544],
						"4.75": {
							"pre": [0, 0, 0],