{
	"format_version": "1.8.0",
	"animations": {
		"animation.2a72_fire": {
			"animation_length": 0.75,
			"bones": {
				"flash_2a72": {
					"scale": {
						"0.0": [1, 1, 1],
						"0.0417": {
							"pre": [1, 1, 1],
							"post": [30, 30, 30]
						},
						"0.0833": {
							"pre": [30, 30, 30],
							"post": [1, 1, 1]
						}
					}
				},
				"2a72_bmp3": {
					"position": {
						"0.0": [0, 0, 0],
						"0.0833": [0, 0, 7],
						"0.2083": [0, 0, 0]
					}
				},
				"gilza_2a72_bmp3": {
					"rotation": {
						"0.125": [0, 0, 0],
						"0.4583": [83.14625, 18.89636, 14.79081]
					},
					"position": {
						"0.0": [0, 0, 0],
						"0.125": [0, 0, -18],
						"0.4583": [-6, -11.33, -59]
					},
					"scale": {
						"0.375": [1, 1, 1],
						"0.5833": [0, 0, 0]
					}
				}
			},
			"particle_effects": {
				"0.0417": {
					"effect": "gazi_30mm",
					"locator": "gazi_2a72"
				}
			}
		},
		"animation.2a70_fire": {
			"animation_length": 2,
			"bones": {
				"flash_100mm": {
					"scale": {
						"0.0": [1, 1, 1],
						"0.0417": [75, 56.6, 50],
						"0.0833": [1, 1, 1]
					}
				},
				"shassi": {
					"rotation": {
						"0.0417": {
							"pre": [0, 0, 0],
							"post": [0, 0, 0],
							"lerp_mode": "catmullrom"
						},
						"0.125": {
							"post": [-2, 0, 0],
							"lerp_mode": "catmullrom"
						},
						"0.25": {
							"post": [-2, 0, 0],
							"lerp_mode": "catmullrom"
						},
						"0.5833": {
							"post": [1, 0, 0],
							"lerp_mode": "catmullrom"
						},
						"1.1667": {
							"post": [0, 0, 0],
							"lerp_mode": "catmullrom"
						},
						"1.875": {
							"post": [0, 0, 0],
							"lerp_mode": "catmullrom"
						},
						"2.0": [0, 0, 0]
					}
				},
				"krishka_bmp3": {
					"rotation": {
						"0.1667": [0, 0, 0],
						"0.4167": [30, 0, 0],
						"1.75": [30, 0, 0],
						"1.9583": [0, 0, 0]
					}
				},
				"pushka": {
					"rotation": [0, 0, 0]
				},
				"2a42": {
					"position": {
						"0.0": [0, 0, 0],
						"0.0417": [0, 0, 9],
						"0.1667": [0, 0, 0]
					}
				},
				"gilza_bmp": {
					"rotation": {
						"0.4583": [0, 0, 0],
						"0.625": [-42.5, 0, 0],
						"0.75": [-97.5, 0, 0],
						"1.125": [-230, 0, 0]
					},
					"position": {
						"0.3333": [0, 0, 0],
						"0.4583": [0, 6, 7],
						"0.625": [0, 17, 38],
						"0.75": [0, 20, 61],
						"1.125": [0, -4, 101]
					},
					"scale": {
						"0.9583": [1, 1, 1],
						"1.125": [0, 0, 0]
					}
				},
				"anteni": {
					"rotation": {
						"0.0833": {
							"pre": [0, 0, 0],
							"post": [0, 0, 0],
							"lerp_mode": "catmullrom"
						},
						"0.2917": {
							"post": [-22.5, 0, 0],
							"lerp_mode": "catmullrom"
						},
						"0.4583": {
							"post": [-22.5, 0, 0],
							"lerp_mode": "catmullrom"
						},
						"0.7083": {
							"post": [10, 0, 0],
							"lerp_mode": "catmullrom"
						},
						"1.0": {
							"post": [0, 0, 0],
							"lerp_mode": "catmullrom"
						},
						"1.375": {
							"post": [0, 0, 0],
							"lerp_mode": "catmullrom"
						},
						"1.7083": [0, 0, 0]
					}
				},
				"head": {
					"rotation": {
						"0.0417": {
							"pre": [0, 0, 0],
							"post": [0, 0, 0],
							"lerp_mode": "catmullrom"
						},
						"0.125": {
							"post": [-2, 0, 0],
							"lerp_mode": "catmullrom"
						},
						"0.25": {
							"post": [-2, 0, 0],
							"lerp_mode": "catmullrom"
						},
						"0.5833": {
							"post": [1, 0, 0],
							"lerp_mode": "catmullrom"
						},
						"1.1667": {
							"post": [0, 0, 0],
							"lerp_mode": "catmullrom"
						},
						"1.875": {
							"post": [0, 0, 0],
							"lerp_mode": "catmullrom"
						},
						"2.0": [0, 0, 0]
					}
				}
			},
			"particle_effects": {
				"0.0833": {
					"effect": "gazi_100mm",
					"locator": "gazi_100mm"
				}
			}
		},
		"animation.bmp3_move": {
			"loop": true,
			"animation_length": 0.5,
			"bones": {
				"katki8": {
					"rotation": {
						"0.0": [0, 0, 0],
						"0.5": [360, 0, 0]
					}
				},
				"katki2": {
					"rotation": {
						"0.0": [0, 0, 0],
						"0.5": [360, 0, 0]
					}
				},
				"katki9": {
					"rotation": {
						"0.0": [0, 0, 0],
						"0.5": [360, 0, 0]
					}
				},
				"katki3": {
					"rotation": {
						"0.0": [0, 0, 0],
						"0.5": [360, 0, 0]
					}
				},
				"katki4": {
					"rotation": {
						"0.0": [0, 0, 0],
						"0.5": [360, 0, 0]
					}
				},
				"katki5": {
					"rotation": {
						"0.0": [0, 0, 0],
						"0.5": [360, 0, 0]
					}
				},
				"katki6": {
					"rotation": {
						"0.0": [0, 0, 0],
						"0.5": [360, 0, 0]
					}
				},
				"katki7": {
					"rotation": {
						"0.0": [0, 0, 0],
						"0.5": [360, 0, 0]
					}
				}
			}
		},
		"animation.bmp3_first": {
			"loop": true,
			"bones": {
				"pushka": {
					"rotation": [-2.50716, -4.99761, 0.10943],
					"position": [-20.5, -8, 67],
					"scale": 2
				},
				"pushka_bmp3": {
					"rotation": [-2.50716, -4.99761, 0.10943],
					"position": [-20.5, -8, 67],
					"scale": 2
				}
			}
		},
		"animation.bmp3_dviglo": {
			"loop": true,
			"animation_length": 0.5,
			"bones": {
				"shassi": {
					"rotation": {
						"0.0": {
							"post": [0, 0, 0],
							"lerp_mode": "catmullrom"
						},
						"0.1875": {
							"post": [0.05, 0, 0],
							"lerp_mode": "catmullrom"
						},
						"0.375": {
							"post": [-0.05, 0, 0],
							"lerp_mode": "catmullrom"
						},
						"0.5": {
							"post": [0, 0, 0],
							"lerp_mode": "catmullrom"
						}
					}
				}
			},
			"sound_effects": {
				"0.0": {
					"effect": "btr80dviglo"
				}
			},
			"particle_effects": {
				"0.0": [
					{
						"effect": "dim",
						"locator": "dviglo2"
					},
					{
						"effect": "dim",
						"locator": "dviglo"
					}
				],
				"0.375": [
					{
						"effect": "dim",
						"locator": "dviglo2"
					},
					{
						"effect": "dim",
						"locator": "dviglo"
					}
				]
			}
		}
	}
}