{
	"format_version": "1.8.0",
	"animations": {
		"animation.ifak_use": {
			"animation_length": 4.83333,
			"bones": {
				"1": {
					"rotation": {
						"0.5417": [0, 0, 0],
						"0.7083": [70, 0, 0],
						"0.8333": [245, 0, 0]
					}
				},
				"2": {
					"rotation": {
						"0.5417": [0, 0, 0],
						"0.7083": [82.5, 0, 0],
						"0.8333": [117.5, 0, 0]
					}
				},
				"shprits": {
					"scale": {
						"1.0417": [1, 1, 1],
						"1.0833": [0, 0, 0]
					}
				},
				"krishka2": {
					"rotation": {
						"0.5417": [0, 0, 0],
						"0.7083": [135, 0, 0],
						"3.7083": [135, 0, 0],
						"3.875": [0, 0, 0]
					}
				},
				"leftArm": {
					"rotation": {
						"0.0": [-90, 15, 0],
						"0.375": {
							"pre": [-90, 15, 0],
							"post": [-90, 15, 0],
							"lerp_mode": "catmullrom"
						},
						"0.625": {
							"post": [-91.3378, 14.94159, -5.17544],
							"lerp_mode": "catmullrom"
						},
						"1.375": {
							"post": [-91.3378, 14.94159, -5.17544],
							"lerp_mode": "catmullrom"
						},
						"1.7083": [-150.16, 19.21, -29.84]
					},
					"position": {
						"1.375": {
							"pre": [0, 0, 0],
							"post": [0, 0, 0],
							"lerp_mode": "catmullrom"
						},
						"1.7083": [0, -7, -3]
					}
				},
				"rightArm": {
					"rotation": {
						"0.0": [-90, 0, 0],
						"0.125": [-90, 0, 0],
						"0.5": {
							"pre": [-90, -25, 0],
							"post": [-90, -25, 0],
							"lerp_mode": "catmullrom"
						},
						"0.5417": {
							"post": [-75, -25, 0],
							"lerp_mode": "catmullrom"
						},
						"0.7083": {
							"post": [-115.2252, -33.76544, 5.53485],
							"lerp_mode": "catmullrom"
						},
						"0.75": {
							"post": [-117.5, -25, 0],
							"lerp_mode": "catmullrom"
						},
						"0.8333": {
							"post": [-86.70863, -38.19016, 7.70194],
							"lerp_mode": "catmullrom"
						},
						"1.0417": {
							"post": [-79.85677, -59.1262, 14.09421],
							"lerp_mode": "catmullrom"
						},
						"1.0833": {
							"post": [-79.85677, -59.1262, 14.09421],
							"lerp_mode": "catmullrom"
						},
						"1.375": {
							"post": [-79.85677, -59.1262, 14.09421],
							"lerp_mode": "catmullrom"
						},
						"1.7083": {
							"post": [-52.12711, -28.93057, -20.61737],
							"lerp_mode": "catmullrom"
						},
						"1.9167": {
							"post": [-52.13, -28.93, -20.62],
							"lerp_mode": "catmullrom"
						},
						"2.1667": {
							"post": [-67.13, -28.93, -20.62],
							"lerp_mode": "catmullrom"
						},
						"2.7083": {
							"post": [-67.13, -28.93, -20.62],
							"lerp_mode": "catmullrom"
						},
						"2.875": {
							"post": [-52.12711, -28.93057, -20.61737],
							"lerp_mode": "catmullrom"
						},
						"3.0833": {
							"post": [-52.13, -28.93, -20.62],
							"lerp_mode": "catmullrom"
						},
						"3.3333": {
							"post": [-67.13, -28.93, -20.62],
							"lerp_mode": "catmullrom"
						},
						"3.875": {
							"post": [-67.13, -28.93, -20.62],
							"lerp_mode": "catmullrom"
						},
						"4.25": [-90, 0, 0]
					},
					"position": {
						"0.0": [3, -11, 0],
						"0.125": [3, -11, 0],
						"0.5": {
							"pre": [1, 3.225, 0.15],
							"post": [1, 3.225, 0.15],
							"lerp_mode": "catmullrom"
						},
						"0.5417": {
							"post": [1, 3.225, 0.15],
							"lerp_mode": "catmullrom"
						},
						"0.7083": {
							"post": [-1, 4.47, -3.05],
							"lerp_mode": "catmullrom"
						},
						"0.75": {
							"post": [-1, 4.47, -3.05],
							"lerp_mode": "catmullrom"
						},
						"0.8333": {
							"post": [-1.87, 3.02, -3.72],
							"lerp_mode": "catmullrom"
						},
						"1.0417": {
							"post": [-2.125, 7.845, -5.725],
							"lerp_mode": "catmullrom"
						},
						"1.0833": {
							"post": [-2.125, 7.845, -5.725],
							"lerp_mode": "catmullrom"
						},
						"1.375": {
							"post": [-2.125, 7.845, -5.725],
							"lerp_mode": "catmullrom"
						},
						"1.7083": {
							"post": [0, 0, 0],
							"lerp_mode": "catmullrom"
						},
						"1.9167": {
							"post": [0, 0, 4],
							"lerp_mode": "catmullrom"
						},
						"2.1667": {
							"post": [5, 0, 4],
							"lerp_mode": "catmullrom"
						},
						"2.4167": {
							"post": [7, 0, 0],
							"lerp_mode": "catmullrom"
						},
						"2.7083": {
							"post": [-1, 0, 0],
							"lerp_mode": "catmullrom"
						},
						"2.875": {
							"post": [0, 0, 0],
							"lerp_mode": "catmullrom"
						},
						"3.0833": {
							"post": [0, 0, 4],
							"lerp_mode": "catmullrom"
						},
						"3.3333": {
							"post": [5, 0, 4],
							"lerp_mode": "catmullrom"
						},
						"3.5833": {
							"post": [7, 0, 0],
							"lerp_mode": "catmullrom"
						},
						"3.875": {
							"post": [-1, 0, 0],
							"lerp_mode": "catmullrom"
						},
						"4.25": [3, -11, 0]
					}
				},
				"root": {
					"rotation": [0, 180, 0]
				},
				"body": {
					"rotation": {
						"0.0": {
							"post": [62.5, 0, 0],
							"lerp_mode": "catmullrom"
						},
						"0.5417": {
							"post": [-12.5, 0, 0],
							"lerp_mode": "catmullrom"
						},
						"3.8333": {
							"post": [-12.5, 0, 0],
							"lerp_mode": "catmullrom"
						},
						"4.2083": {
							"post": [62.5, 0, 0],
							"lerp_mode": "catmullrom"
						},
						"4.25": [62.5, 0, 0]
					},
					"position": {
						"0.0": {
							"post": [0, 0, 0],
							"lerp_mode": "catmullrom"
						},
						"0.5417": {
							"post": [0, -2, 0],
							"lerp_mode": "catmullrom"
						},
						"3.8333": {
							"post": [0, -2, 0],
							"lerp_mode": "catmullrom"
						},
						"4.2083": {
							"post": [0, 0, 0],
							"lerp_mode": "catmullrom"
						},
						"4.25": [0, 0, 0]
					}
				},
				"apteka": {
					"rotation": [-12.08336, 7.46204, -24.22271],
					"position": [-1.25, -1, 0]
				},
				"shprits4": {
					"rotation": {
						"1.0417": [0, 0, 0],
						"1.0833": [25, 0, 0]
					},
					"position": {
						"0.0": [0, 0, 2],
						"1.0417": [0, 0, 2],
						"1.0833": [-0.125, -0.45, 1.375],
						"1.25": [-0.12, -0.45, -0.62],
						"1.625": [-0.12, -0.45, -0.62],
						"1.7083": [-0.12, -0.45, 0.38],
						"1.7917": [-0.12, -0.45, -0.62],
						"3.0833": [-0.12, -0.45, -0.62],
						"3.2917": [-0.12, -9.45, 9.38],
						"3.3333": [-6.12, -9.45, 32.38]
					},
					"scale": {
						"3.2917": [1, 1, 1],
						"3.3333": [0, 0, 0]
					}
				},
				"krishka6": {
					"position": {
						"1.6667": [0, 0, 0],
						"1.75": [0, 0, -3],
						"1.8333": [-5, 0, -3],
						"2.0417": [-5, 0, 10]
					},
					"scale": {
						"1.8333": [1, 1, 1],
						"2.0417": [0, 0, 0]
					}
				},
				"krishka": {
					"rotation": {
						"0.5417": [0, 0, 0],
						"0.7083": [122.5, 0, 0],
						"3.7083": [122.5, 0, 0],
						"3.875": [0, 0, 0]
					}
				}
			},
			"sound_effects": {
				"0.3333": {
					"effect": "krishka"
				},
				"2.0417": {
					"effect": "zhgut2"
				},
				"3.1667": {
					"effect": "zhgut2"
				}
			}
		},
		"animation.ifak_use_third": {
			"animation_length": 4.83333,
			"bones": {
				"1": {
					"rotation": {
						"0.3333": [0, 0, 0],
						"0.6667": [217.5, 0, 0]
					}
				},
				"2": {
					"rotation": {
						"0.0": [0, 0, 0],
						"0.4583": [0, 0, 0],
						"0.7917": [145, 0, 0]
					}
				},
				"leftArm": {
					"rotation": {
						"0.0": [0, 0, 0],
						"0.25": [-91.60251, 14.45996, -36.88076],
						"1.3333": [-91.60251, 14.45996, -36.88076],
						"1.7917": [-92.17378, 44.44476, -38.00301],
						"4.1667": [-92.17378, 44.44476, -38.00301],
						"4.7083": [0, 0, 0]
					},
					"position": {
						"0.0": [0, 0, 0],
						"1.3333": [0, 0, 0],
						"1.7917": [0, 0, -3],
						"4.1667": [0, 0, -3],
						"4.7083": [0, 0, 0]
					}
				},
				"rightArm": {
					"rotation": {
						"0.0": [0, 0, 0],
						"0.25": {
							"pre": [-80.86961, -34.65749, -5.22206],
							"post": [-80.86961, -34.65749, -5.22206],
							"lerp_mode": "catmullrom"
						},
						"0.3333": {
							"post": [-80.86961, -34.65749, -5.22206],